{
    "train_rmse": 38291.66523190073,
    "train_r2": 0.7926635824539876,
    "test_rmse": 44059.926000844745,
    "test_r2": 0.7058455846912826
}