{
    "train_rmse": 38691.72265998852,
    "train_r2": 0.7883085996772924,
    "test_rmse": 44208.9196591863,
    "test_r2": 0.7038527876225604
}