{
    "train_rmse": 43735.403479688524,
    "train_r2": 0.7270147646762253,
    "test_rmse": 35015.18401168059,
    "test_r2": 0.8080586922339303
}